Title,Artist,Year,Genre
Dancing With Myself (EP Version),Billy Idol & Generation X,1980,Punk
For My Hand (feat. Ed Sheeran),Burna Boy,2022,Afro-fusion
Shape of You,Ed Sheeran,2017,Pop
Take Me Back to London (feat. Stormzy),Ed Sheeran,2019,Pop
"Take Me Back to London (Sir Spyro Remix) [feat. Stormzy, Jaykae & Aitch]",Ed Sheeran,2019,Pop
Bad Habits,Ed Sheeran,2021,Pop
Peru,Fireboy DML & Ed Sheeran,2021,Afrobeats
Thick Of It (feat. Trippie Redd),KSI,2024,Pop
FRIENDS,Marshmello & Anne-Marie,2018,Dance
Own It (feat. Ed Sheeran & Burna Boy),Stormzy,2019,Hip-Hop/Rap
I Want to Love,Years & Years,2015,Electronic
